{
  "cabecalho": {
    "entrada": "33023722803",
    "produto": "LOCALIZE",
    "consulta": "PESSOA_FISICA",
    "protocoloTransacao": "fd639b4d-5e4f-4a2a-9de2-bee151ed0ff1",
    "dataHora": "02/04/2019 04:43:28"
  },
  "cadastro": {
    "cpf": "33023722803",
    "nome": "CAMILA	HERNANDES",
    "sexo": "F",
    "dataNascimento": "14/10/1984",
    "idade": "34",
    "faixaIdade": "30 a 34 anos",
    "signo": "Libra",
    "rg": null,
    "ufRg": null,
    "status": "REGULAR",
    "statusData": "16/02/2018",
    "maeNome": "MARIA	DE	LOURDES	QUINHOLI	HERNANDES",
    "maeCpf": "86083732620",
    "obitoProvavel": "NÃO",
    "tituloEleitoral": null,
    "grauInstrucao": null,
    "dependentes": null,
    "estadoCivil": null,
    "tags": null,
    "ppe": 0
  },
  "participacoesEmpresas": [],
  "rendaEmpregador": null,
  "rendaBeneficioAssistencial": null,
  "telefones": {
    "fixos": [
      {
        "posicao": "0",
        "telefone": "1146122187",
        "operadora": "Embratel  - Fixo",
        "pontuacao": null,
        "grupo": null,
        "relacao": "Mãe",
        "tags": null
      },
      {
        "posicao": "1",
        "telefone": "3132829992",
        "operadora": "OI - Fixo",
        "pontuacao": null,
        "grupo": null,
        "relacao": "Mãe",
        "tags": null
      }
    ],
    "moveis": [
      {
        "posicao": "0",
        "telefone": "31999532380",
        "operadora": "Vivo - Celular",
        "pontuacao": null,
        "grupo": null,
        "relacao": "Mãe",
        "tags": [
          "whatsapp"
        ]
      },
      {
        "posicao": "1",
        "telefone": "11976373735",
        "operadora": "Claro - Celular",
        "pontuacao": null,
        "grupo": null,
        "relacao": "Mãe",
        "tags": [
          "whatsapp"
        ]
      }
    ]
  },
  "enderecos": [
    {
      "posicao": "0",
      "tipoLogradouro": "R",
      "logradouro": "DIOGO ALVARES",
      "numero": "1074",
      "complemento": "CS 89",
      "bairro": "JARDIM SAO PAULO II",
      "cidade": "COTIA",
      "uf": "SP",
      "cep": "06706903",
      "latitude": "-23.574066600001",
      "longitude": "-46.871142200001",
      "pontuacao": null,
      "grupo": null,
      "tags": null
    }
  ],
  "emails": null
}
