{
  "cabecalho": {
    "entrada": "05584428701",
    "produto": "LOCALIZE",
    "consulta": "PESSOA_FISICA",
    "protocoloTransacao": "35c004c4-3dcb-479b-9371-6e0232d98bde",
    "dataHora": "03/04/2019 17:43:53"
  },
  "cadastro": {
    "cpf": "05584428701",
    "nome": "ANDRE STREET DE AGUIAR",
    "sexo": "M",
    "dataNascimento": "04/05/1984",
    "idade": "34",
    "faixaIdade": "30 a 34 anos",
    "signo": "Touro",
    "rg": null,
    "ufRg": null,
    "status": "REGULAR",
    "statusData": "18/11/2017",
    "maeNome": "EVELYN REIS FRIED DE AGUIAR",
    "maeCpf": null,
    "obitoProvavel": "NÃO",
    "tituloEleitoral": null,
    "grauInstrucao": null,
    "dependentes": null,
    "estadoCivil": null,
    "tags": null,
    "ppe": 0
  },
  "participacoesEmpresas": [
    {
      "posicao": "1",
      "documento": "13226817000124",
      "nome": "AGROLINKS PARTICIPACOES LTDA.",
      "participacao": null,
      "qualificacaoSocio": "SÓCIO-ADMINISTRADOR",
      "dataEntrada": "22/04/2013",
      "dataSaida": null,
      "valorParticipacao": null,
      "tags": null
    },
    {
      "posicao": "2",
      "documento": "13537566000107",
      "nome": "VBI ADMINISTRACAO E PARTICIPACOES LTDA",
      "participacao": "50.00",
      "qualificacaoSocio": "SÓCIO-ADMINISTRADOR",
      "dataEntrada": "08/04/2011",
      "dataSaida": null,
      "valorParticipacao": null,
      "tags": null
    },
    {
      "posicao": "3",
      "documento": "14490104000136",
      "nome": "GENOVA CONSULTORIA E PARTICIPACOES LTDA",
      "participacao": null,
      "qualificacaoSocio": "SÓCIO",
      "dataEntrada": "11/10/2011",
      "dataSaida": null,
      "valorParticipacao": null,
      "tags": null
    },
    {
      "posicao": "4",
      "documento": "16575883000106",
      "nome": "MUNDIPAGG PARTICIPACOES S.A.",
      "participacao": null,
      "qualificacaoSocio": "DIRETOR",
      "dataEntrada": "19/09/2012",
      "dataSaida": null,
      "valorParticipacao": null,
      "tags": null
    },
    {
      "posicao": "5",
      "documento": "16575925000109",
      "nome": "BUY4 PARTICIPACOES S.A.",
      "participacao": null,
      "qualificacaoSocio": "DIRETOR",
      "dataEntrada": "20/09/2012",
      "dataSaida": null,
      "valorParticipacao": null,
      "tags": null
    }
  ],
  "rendaEmpregador": null,
  "rendaBeneficioAssistencial": null,
  "telefones": {
    "fixos": [
      {
        "posicao": "0",
        "telefone": "2135923203",
        "operadora": "Embratel  - Fixo",
        "pontuacao": null,
        "grupo": null,
        "relacao": "Direto",
        "tags": null
      },
      {
        "posicao": "1",
        "telefone": "1143240879",
        "operadora": "Embratel  - Fixo",
        "pontuacao": null,
        "grupo": null,
        "relacao": "Direto",
        "tags": null
      },
      {
        "posicao": "2",
        "telefone": "2137044415",
        "operadora": "OI - Fixo",
        "pontuacao": null,
        "grupo": null,
        "relacao": "Direto",
        "tags": null
      },
      {
        "posicao": "3",
        "telefone": "2135923204",
        "operadora": "Embratel  - Fixo",
        "pontuacao": null,
        "grupo": null,
        "relacao": "Direto",
        "tags": null
      },
      {
        "posicao": "4",
        "telefone": "2133256660",
        "operadora": "Embratel  - Fixo",
        "pontuacao": null,
        "grupo": null,
        "relacao": "Direto",
        "tags": null
      }
    ],
    "moveis": [
      {
        "posicao": "0",
        "telefone": "21981476889",
        "operadora": "TIM - Celular",
        "pontuacao": null,
        "grupo": null,
        "relacao": "Direto",
        "tags": [
          "whatsapp"
        ]
      },
      {
        "posicao": "1",
        "telefone": "21981080818",
        "operadora": "TIM - Celular",
        "pontuacao": null,
        "grupo": null,
        "relacao": "Direto",
        "tags": [
          "whatsapp"
        ]
      },
      {
        "posicao": "2",
        "telefone": "21981199043",
        "operadora": "TIM - Celular",
        "pontuacao": null,
        "grupo": null,
        "relacao": "Direto",
        "tags": [
          "whatsapp"
        ]
      },
      {
        "posicao": "3",
        "telefone": "21999020846",
        "operadora": "Vivo - Celular",
        "pontuacao": null,
        "grupo": null,
        "relacao": "Direto",
        "tags": [
          "whatsapp"
        ]
      },
      {
        "posicao": "4",
        "telefone": "21967157882",
        "operadora": "Vivo - Celular",
        "pontuacao": null,
        "grupo": null,
        "relacao": "Direto",
        "tags": [
          "whatsapp"
        ]
      }
    ]
  },
  "enderecos": [
    {
      "posicao": "0",
      "tipoLogradouro": "R",
      "logradouro": "DO ROCIO",
      "numero": "450",
      "complemento": "AP 212 BL B IDRUS",
      "bairro": "VILA OLIMPIA",
      "cidade": "SAO PAULO",
      "uf": "SP",
      "cep": "04552000",
      "latitude": "-23.594610000001",
      "longitude": "-46.688100000001",
      "pontuacao": null,
      "grupo": null,
      "tags": null
    },
    {
      "posicao": "1",
      "tipoLogradouro": "AV",
      "logradouro": "LUCIO COSTA",
      "numero": "3600",
      "complemento": "BL 2 AP 402",
      "bairro": "BARRA DA TIJUCA",
      "cidade": "RIO DE JANEIRO",
      "uf": "RJ",
      "cep": "22630900",
      "latitude": "-23.010612222223",
      "longitude": "-43.333603333334",
      "pontuacao": null,
      "grupo": null,
      "tags": null
    },
    {
      "posicao": "2",
      "tipoLogradouro": "AV",
      "logradouro": "LUCIO COSTA",
      "numero": "3600",
      "complemento": "AP 402",
      "bairro": "BARRA DA TIJUCA",
      "cidade": "RIO DE JANEIRO",
      "uf": "RJ",
      "cep": "22630900",
      "latitude": "-23.010493827161",
      "longitude": "-43.335999012347",
      "pontuacao": null,
      "grupo": null,
      "tags": null
    },
    {
      "posicao": "3",
      "tipoLogradouro": "AV",
      "logradouro": "PREFEITO DULCIDIO CARDOSO",
      "numero": "1400",
      "complemento": "BL 2 AP 402",
      "bairro": "BARRA DA TIJUCA",
      "cidade": "RIO DE JANEIRO",
      "uf": "RJ",
      "cep": "22620311",
      "latitude": "-23.004567567569",
      "longitude": "-43.368923513515",
      "pontuacao": null,
      "grupo": null,
      "tags": null
    }
  ],
  "emails": [
    {
      "posicao": "0",
      "email": "astreet@braspag.com.br",
      "pontuacao": null,
      "grupo": null,
      "relacao": "Direto",
      "tags": null
    },
    {
      "posicao": "1",
      "email": "street@braspag.com.br",
      "pontuacao": null,
      "grupo": null,
      "relacao": "Direto",
      "tags": null
    },
    {
      "posicao": "2",
      "email": "astreet@arpexcapital.com.br",
      "pontuacao": null,
      "grupo": null,
      "relacao": "Direto",
      "tags": null
    },
    {
      "posicao": "3",
      "email": "aousa@braspag.com.br",
      "pontuacao": null,
      "grupo": null,
      "relacao": "Direto",
      "tags": null
    },
    {
      "posicao": "4",
      "email": "isousa.400@gmail.com",
      "pontuacao": null,
      "grupo": null,
      "relacao": "Direto",
      "tags": null
    }
  ]
}
