{
  "cabecalho": {
    "entrada": "05584428701",
    "produto": "LOCALIZE",
    "consulta": "API_PESSOAS_RELACIONADAS",
    "protocoloTransacao": "aa36a338-336a-4894-9637-5f6d241f62b6",
    "dataHora": "03/04/2019 17:46:27"
  },
  "localizePessoasRelacionadas": [
    {
      "relacao": "Mãe",
      "grupo": "0- Parentes de Nível 1",
      "documento": null,
      "nome": "EVELYN REIS FRIED DE AGUIAR",
      "dataNascimento": null
    },
    {
      "relacao": "Sócio(a)",
      "grupo": "4- Relação Econômica",
      "documento": "13226817000124",
      "nome": "AGROLINKS PARTICIPACOES LTDA.",
      "dataNascimento": "31/01/2011"
    },
    {
      "relacao": "Sócio(a)",
      "grupo": "4- Relação Econômica",
      "documento": "16575925000109",
      "nome": "BUY4 PARTICIPACOES S.A.",
      "dataNascimento": "18/07/2012"
    },
    {
      "relacao": "Sócio(a)",
      "grupo": "4- Relação Econômica",
      "documento": "07895694774",
      "nome": "EDUARDO CUNHA MONNERAT SOLON DE PONTES",
      "dataNascimento": "10/12/1978"
    },
    {
      "relacao": "Sócio(a)",
      "grupo": "4- Relação Econômica",
      "documento": "07437996740",
      "nome": "FABIO AUGUSTO CANTIZANI BARBOSA",
      "dataNascimento": "08/06/1978"
    },
    {
      "relacao": "Sócio(a)",
      "grupo": "4- Relação Econômica",
      "documento": "09282540707",
      "nome": "SANDRA RIBAS BOLFER",
      "dataNascimento": "01/09/1981"
    },
    {
      "relacao": "Mesmo Endereço (atual)",
      "grupo": "6- Mesmo Endereço (atual)",
      "documento": "09129913721",
      "nome": "PAULINA DUARTE DE BARROS NETA",
      "dataNascimento": "01/04/1981"
    }
  ]
}
