{
  "cabecalho": {
    "entrada": "09016987762",
    "produto": "LOCALIZE",
    "consulta": "PESSOA_FISICA",
    "protocoloTransacao": "2d7920a9-accb-4d4e-b74b-49e58857303b",
    "dataHora": "03/04/2019 19:29:24"
  },
  "cadastro": {
    "cpf": "09016987762",
    "nome": "CRISTINA HELENA ZINGARETTI JUNQUEIRA",
    "sexo": "F",
    "dataNascimento": "15/09/1982",
    "idade": "36",
    "faixaIdade": "35 a 39 anos",
    "signo": "Virgem",
    "rg": "1058371",
    "ufRg": null,
    "status": "REGULAR",
    "statusData": "07/10/2017",
    "maeNome": "MARISA HELENA ZINGARETTI JUNQUEIRA",
    "maeCpf": "03151186874",
    "obitoProvavel": "NÃO",
    "tituloEleitoral": null,
    "grauInstrucao": null,
    "dependentes": null,
    "estadoCivil": null,
    "tags": null,
    "ppe": 0
  },
  "participacoesEmpresas": [
    {
      "posicao": "1",
      "documento": "18236120000158",
      "nome": "NU PAGAMENTOS S.A.",
      "participacao": null,
      "qualificacaoSocio": "DIRETOR",
      "dataEntrada": "24/07/2013",
      "dataSaida": null,
      "valorParticipacao": null,
      "tags": null
    },
    {
      "posicao": "2",
      "documento": "30680829000143",
      "nome": "NU FINANCEIRA S.A. - SOCIEDADE DE CREDITO, FINANCIAMENTO E INVESTIMENTO",
      "participacao": null,
      "qualificacaoSocio": "DIRETOR",
      "dataEntrada": "12/06/2018",
      "dataSaida": null,
      "valorParticipacao": null,
      "tags": null
    }
  ],
  "rendaEmpregador": [
    {
      "posicao": "1",
      "empregador": "ITAU UNIBANCO S.A.",
      "documentoEmpregador": "60701190000104",
      "setorEmpregador": "Intermediação monetária - depósitos à vista",
      "cboCodigo": "141705",
      "cboDescricao": "Gerente de produtos bancários",
      "cboSetor": null,
      "cboSinonimos": null,
      "rendaEstimada": "17632.00",
      "faixaRenda": null,
      "rendaDataRef": "2014-10-03",
      "tags": null
    },
    {
      "posicao": "2",
      "empregador": "LUIZACRED S.A. SOCIEDADE DE CREDITO, FINANCIAMENTO E INVESTIMENTO",
      "documentoEmpregador": "02206577000180",
      "setorEmpregador": "Intermediação não-monetária - outros instrumentos de captação",
      "cboCodigo": "141705",
      "cboDescricao": "Gerente de produtos bancários",
      "cboSetor": null,
      "cboSinonimos": null,
      "rendaEstimada": "15090.80",
      "faixaRenda": null,
      "rendaDataRef": "2013-07-14",
      "tags": null
    },
    {
      "posicao": "3",
      "empregador": "UNIBANCO-UNIAO DE BANCOS BRASILEIROS S.A.",
      "documentoEmpregador": "33700394000140",
      "setorEmpregador": "Intermediação monetária - depósitos à vista",
      "cboCodigo": "252105",
      "cboDescricao": "Administrador",
      "cboSetor": null,
      "cboSinonimos": null,
      "rendaEstimada": "14329.88",
      "faixaRenda": null,
      "rendaDataRef": "2013-07-14",
      "tags": null
    }
  ],
  "rendaBeneficioAssistencial": null,
  "telefones": {
    "fixos": [
      {
        "posicao": "0",
        "telefone": "1128932799",
        "operadora": "Embratel  - Fixo",
        "pontuacao": null,
        "grupo": null,
        "relacao": "Direto",
        "tags": null
      },
      {
        "posicao": "1",
        "telefone": "1129357275",
        "operadora": "IPCORP TELECOM - Fixo",
        "pontuacao": null,
        "grupo": null,
        "relacao": "Direto",
        "tags": null
      },
      {
        "posicao": "2",
        "telefone": "1130864646",
        "operadora": "Vivo - Fixo",
        "pontuacao": null,
        "grupo": null,
        "relacao": "Direto",
        "tags": null
      },
      {
        "posicao": "3",
        "telefone": "2125675718",
        "operadora": "Vivo Fixo",
        "pontuacao": null,
        "grupo": null,
        "relacao": "Direto",
        "tags": null
      }
    ],
    "moveis": [
      {
        "posicao": "0",
        "telefone": "11985824567",
        "operadora": "TIM - Celular",
        "pontuacao": null,
        "grupo": null,
        "relacao": "Direto",
        "tags": [
          "whatsapp"
        ]
      },
      {
        "posicao": "1",
        "telefone": "11981747708",
        "operadora": "Claro - Celular",
        "pontuacao": null,
        "grupo": null,
        "relacao": "Direto",
        "tags": [
          "whatsapp"
        ]
      },
      {
        "posicao": "2",
        "telefone": "11981886417",
        "operadora": "TIM - Celular",
        "pontuacao": null,
        "grupo": null,
        "relacao": "Direto",
        "tags": [
          "whatsapp"
        ]
      },
      {
        "posicao": "3",
        "telefone": "11992441605",
        "operadora": "Claro - Celular",
        "pontuacao": null,
        "grupo": null,
        "relacao": "Direto",
        "tags": null
      },
      {
        "posicao": "4",
        "telefone": "11981895175",
        "operadora": "Claro - Celular",
        "pontuacao": null,
        "grupo": null,
        "relacao": "Direto",
        "tags": null
      }
    ]
  },
  "enderecos": [
    {
      "posicao": "0",
      "tipoLogradouro": "AV",
      "logradouro": "SABIA",
      "numero": "133",
      "complemento": "AP 10",
      "bairro": "INDIANOPOLIS",
      "cidade": "SAO PAULO",
      "uf": "SP",
      "cep": "04515000",
      "latitude": "-23.599579764707",
      "longitude": "-46.666512235295",
      "pontuacao": null,
      "grupo": null,
      "tags": null
    },
    {
      "posicao": "1",
      "tipoLogradouro": "R",
      "logradouro": "JUQUIS",
      "numero": "71",
      "complemento": "AP 11",
      "bairro": "INDIANOPOLIS",
      "cidade": "SAO PAULO",
      "uf": "SP",
      "cep": "04081010",
      "latitude": "-23.606848823530",
      "longitude": "-46.663693529413",
      "pontuacao": null,
      "grupo": null,
      "tags": null
    },
    {
      "posicao": "2",
      "tipoLogradouro": "R",
      "logradouro": "OSCAR FREIRE",
      "numero": "1380",
      "complemento": "AP 21",
      "bairro": "PINHEIROS",
      "cidade": "SAO PAULO",
      "uf": "SP",
      "cep": "05409010",
      "latitude": "-23.559960000001",
      "longitude": "-46.672270000001",
      "pontuacao": null,
      "grupo": null,
      "tags": null
    },
    {
      "posicao": "3",
      "tipoLogradouro": "AV",
      "logradouro": "ARATAS",
      "numero": "28",
      "complemento": "AP 102",
      "bairro": "INDIANOPOLIS",
      "cidade": "SAO PAULO",
      "uf": "SP",
      "cep": "04081000",
      "latitude": "-23.607460000001",
      "longitude": "-46.665370000001",
      "pontuacao": null,
      "grupo": null,
      "tags": null
    }
  ],
  "emails": [
    {
      "posicao": "0",
      "email": "junqueira.cristina@gmail.com",
      "pontuacao": null,
      "grupo": null,
      "relacao": "Direto",
      "tags": null
    },
    {
      "posicao": "1",
      "email": "cristina.junqueira@luizacred.com.br",
      "pontuacao": null,
      "grupo": null,
      "relacao": "Direto",
      "tags": null
    },
    {
      "posicao": "2",
      "email": "cristina.junqueira@poli.usp.br",
      "pontuacao": null,
      "grupo": null,
      "relacao": "Direto",
      "tags": null
    },
    {
      "posicao": "3",
      "email": "cjunqueira2008@kellogg.northwestern.edu",
      "pontuacao": null,
      "grupo": null,
      "relacao": "Direto",
      "tags": null
    },
    {
      "posicao": "4",
      "email": "cris_junqueira@hotmail.com",
      "pontuacao": null,
      "grupo": null,
      "relacao": "Direto",
      "tags": null
    }
  ]
}
