{
  "cabecalho": {
    "entrada": "09016987762",
    "produto": "LOCALIZE",
    "consulta": "API_PESSOAS_RELACIONADAS",
    "protocoloTransacao": "1f7114ac-3877-4403-b17c-db26c67b1b47",
    "dataHora": "03/04/2019 19:28:07"
  },
  "localizePessoasRelacionadas": [
    {
      "relacao": "Mãe",
      "grupo": "1- Parentes de Nível 1",
      "documento": "03151186874",
      "nome": "MARISA HELENA ZINGARETTI JUNQUEIRA",
      "dataNascimento": "23/07/1958"
    },
    {
      "relacao": "Avó",
      "grupo": "1- Parentes de Nível 1",
      "documento": "12224905874",
      "nome": "ANTONIA LUQUE ZINGARETTI",
      "dataNascimento": "16/06/1934"
    },
    {
      "relacao": "Irmão(ã)",
      "grupo": "1- Parentes de Nível 1",
      "documento": "15745042745",
      "nome": "BEATRIZ HELENA ZINGARETTI JUNQUEIRA",
      "dataNascimento": "23/11/1996"
    },
    {
      "relacao": "Irmão(ã)",
      "grupo": "1- Parentes de Nível 1",
      "documento": "10030509726",
      "nome": "CINTIA HELENA ZINGARETTI JUNQUEIRA MENDES",
      "dataNascimento": "08/05/1984"
    },
    {
      "relacao": "Irmão(ã)",
      "grupo": "1- Parentes de Nível 1",
      "documento": "12098040776",
      "nome": "THAIS HELENA ZINGARETTI JUNQUEIRA",
      "dataNascimento": "03/03/1988"
    },
    {
      "relacao": "Tio(a)",
      "grupo": "2- Parentes de Nível 2",
      "documento": "08733770875",
      "nome": "LUCIMAR ZINGARETTI TIRABOSCHI",
      "dataNascimento": "11/11/1963"
    },
    {
      "relacao": "Primo(a)",
      "grupo": "2- Parentes de Nível 2",
      "documento": "41719413851",
      "nome": "MARCELA ZINGARETTI TIRABOSCHI",
      "dataNascimento": "13/11/1994"
    },
    {
      "relacao": "Tio(a)",
      "grupo": "2- Parentes de Nível 2",
      "documento": "03386415806",
      "nome": "SERGIO ZINGARETTI",
      "dataNascimento": "11/11/1963"
    },
    {
      "relacao": "Tio(a)",
      "grupo": "2- Parentes de Nível 2",
      "documento": "04436349802",
      "nome": "SONIA MARLI ZINGARETTI",
      "dataNascimento": "14/07/1957"
    },
    {
      "relacao": "Empregador",
      "grupo": "3- Relação Trabalhista",
      "documento": "60701190000104",
      "nome": "ITAU UNIBANCO S.A.",
      "dataNascimento": "22/08/1944"
    },
    {
      "relacao": "Sócio(a)",
      "grupo": "4- Relação Econômica",
      "documento": "23343637823",
      "nome": "DAVID VELEZ OSORNO",
      "dataNascimento": "02/10/1981"
    },
    {
      "relacao": "Sócio(a)",
      "grupo": "4- Relação Econômica",
      "documento": "22096547857",
      "nome": "DENNIS MIN WANG",
      "dataNascimento": "03/12/1982"
    },
    {
      "relacao": "Sócio(a)",
      "grupo": "4- Relação Econômica",
      "documento": "22072936888",
      "nome": "GABRIEL HADDAD SILVA",
      "dataNascimento": "07/10/1979"
    },
    {
      "relacao": "Sócio(a)",
      "grupo": "4- Relação Econômica",
      "documento": "30680829000143",
      "nome": "NU FINANCEIRA S.A. - SOCIEDADE DE CREDITO, FINANCIAMENTO E INVESTIMENTO",
      "dataNascimento": "12/06/2018"
    },
    {
      "relacao": "Sócio(a)",
      "grupo": "4- Relação Econômica",
      "documento": "18236120000158",
      "nome": "NU PAGAMENTOS S.A.",
      "dataNascimento": "04/06/2013"
    },
    {
      "relacao": "Mesmo Endereço (atual)",
      "grupo": "6- Mesmo Endereço (atual)",
      "documento": "12121893881",
      "nome": "RUBENS FERNANDES PEREIRA",
      "dataNascimento": "16/08/1972"
    }
  ]
}
