{
  "cabecalho": {
    "entrada": "26617593871",
    "produto": "LOCALIZE",
    "consulta": "PESSOA_FISICA",
    "protocoloTransacao": "46d30e46-0687-47b3-8882-fda318e0909c",
    "dataHora": "03/04/2019 17:49:24"
  },
  "cadastro": {
    "cpf": "26617593871",
    "nome": "BEDY CHIAO YANG",
    "sexo": null,
    "dataNascimento": "29/12/1977",
    "idade": "41",
    "faixaIdade": "40 a 44 anos",
    "signo": "Capricórnio",
    "rg": "306210368",
    "ufRg": "SP",
    "status": "REGULAR",
    "statusData": "13/02/2018",
    "maeNome": null,
    "maeCpf": null,
    "obitoProvavel": "NÃO",
    "tituloEleitoral": null,
    "grauInstrucao": null,
    "dependentes": null,
    "estadoCivil": null,
    "tags": null,
    "ppe": 0
  },
  "participacoesEmpresas": [
    {
      "posicao": "1",
      "documento": "15668406000114",
      "nome": "BRAZIL INNOVATORS SERVICOS DE INTERNET LTDA",
      "participacao": null,
      "qualificacaoSocio": "SÓCIO-ADMINISTRADOR",
      "dataEntrada": "18/01/2012",
      "dataSaida": null,
      "valorParticipacao": null,
      "tags": null
    }
  ],
  "rendaEmpregador": null,
  "rendaBeneficioAssistencial": null,
  "telefones": {
    "fixos": [
      {
        "posicao": "0",
        "telefone": "1132090496",
        "operadora": "Vivo - Fixo",
        "pontuacao": null,
        "grupo": null,
        "relacao": "Direto",
        "tags": null
      },
      {
        "posicao": "1",
        "telefone": "1132088582",
        "operadora": "Vivo - Fixo",
        "pontuacao": null,
        "grupo": null,
        "relacao": "Direto",
        "tags": null
      }
    ],
    "moveis": [
      {
        "posicao": "0",
        "telefone": "11980581583",
        "operadora": "OI - Celular",
        "pontuacao": null,
        "grupo": null,
        "relacao": "Direto",
        "tags": [
          "whatsapp"
        ]
      },
      {
        "posicao": "1",
        "telefone": "11995923527",
        "operadora": "Vivo - Celular",
        "pontuacao": null,
        "grupo": null,
        "relacao": "Direto",
        "tags": [
          "whatsapp"
        ]
      }
    ]
  },
  "enderecos": [
    {
      "posicao": "0",
      "tipoLogradouro": "R",
      "logradouro": "LOUREIRO DA CRUZ",
      "numero": "305",
      "complemento": "AP 64",
      "bairro": "ACLIMACAO",
      "cidade": "SAO PAULO",
      "uf": "SP",
      "cep": "01529020",
      "latitude": "-23.571320000001",
      "longitude": "-46.633310000001",
      "pontuacao": null,
      "grupo": null,
      "tags": null
    },
    {
      "posicao": "1",
      "tipoLogradouro": "R",
      "logradouro": "LOUREIRO DA CRUZ",
      "numero": "305",
      "complemento": "64",
      "bairro": "ACLIMACAO",
      "cidade": "SAO PAULO",
      "uf": "SP",
      "cep": "01529020",
      "latitude": "-23.571320000001",
      "longitude": "-46.633310000001",
      "pontuacao": null,
      "grupo": null,
      "tags": null
    }
  ],
  "emails": [
    {
      "posicao": "0",
      "email": "ybedy@yahoo.com",
      "pontuacao": null,
      "grupo": null,
      "relacao": "Direto",
      "tags": null
    },
    {
      "posicao": "1",
      "email": "ybedy@yahoo.com.br",
      "pontuacao": null,
      "grupo": null,
      "relacao": "Direto",
      "tags": null
    },
    {
      "posicao": "2",
      "email": "bedy@opp.com.br",
      "pontuacao": null,
      "grupo": null,
      "relacao": "Direto",
      "tags": null
    }
  ]
}
