{
  "cabecalho": {
    "entrada": "26617593871",
    "produto": "LOCALIZE",
    "consulta": "API_PESSOAS_RELACIONADAS",
    "protocoloTransacao": "fc680254-86f5-4973-a4ea-ed5ab6cfc111",
    "dataHora": "03/04/2019 17:48:54"
  },
  "localizePessoasRelacionadas": [
    {
      "relacao": "Possível Parente",
      "grupo": "2- Parentes de Nível 2",
      "documento": "49975455972",
      "nome": "JYI TSUEN YANG",
      "dataNascimento": "01/11/1949"
    },
    {
      "relacao": "Sócio(a)",
      "grupo": "4- Relação Econômica",
      "documento": "28991603890",
      "nome": "ANDRE LUIZ CANDIDO FIGUEIREDO MONTEIRO",
      "dataNascimento": "18/08/1980"
    },
    {
      "relacao": "Sócio(a)",
      "grupo": "4- Relação Econômica",
      "documento": "15668406000114",
      "nome": "BRAZIL INNOVATORS SERVICOS DE INTERNET LTDA",
      "dataNascimento": "18/01/2012"
    },
    {
      "relacao": "Sócio(a)",
      "grupo": "4- Relação Econômica",
      "documento": "26498026855",
      "nome": "PEDRO HANCON CAVALCANTI YUE",
      "dataNascimento": "02/04/1977"
    }
  ]
}
