{
  "cabecalho": {
    "entrada": "30944746837",
    "produto": "LOCALIZE",
    "consulta": "API_PESSOAS_RELACIONADAS",
    "protocoloTransacao": "2721bb22-4346-4347-ad70-7a9c39a79851",
    "dataHora": "03/04/2019 19:42:18"
  },
  "localizePessoasRelacionadas": [
    {
      "relacao": "Mãe",
      "grupo": "0- Parentes de Nível 1",
      "documento": null,
      "nome": "SANDRA ELY BARILLARI FREITAS",
      "dataNascimento": null
    },
    {
      "relacao": "Empregador",
      "grupo": "3- Relação Trabalhista",
      "documento": "14232555000173",
      "nome": "ENGEENO MARKETING ONLINE LTDA",
      "dataNascimento": "22/08/2011"
    },
    {
      "relacao": "Sócio(a)",
      "grupo": "4- Relação Econômica",
      "documento": "22226715827",
      "nome": "ARIEL LAMBRECHT",
      "dataNascimento": "03/09/1981"
    },
    {
      "relacao": "Sócio(a)",
      "grupo": "4- Relação Econômica",
      "documento": "13191916814",
      "nome": "EDUARDO MUSA",
      "dataNascimento": "10/03/1967"
    },
    {
      "relacao": "Sócio(a)",
      "grupo": "4- Relação Econômica",
      "documento": "17395199000105",
      "nome": "INSOMNIA INC INTERNET LTDA",
      "dataNascimento": "13/12/2012"
    },
    {
      "relacao": "Sócio(a)",
      "grupo": "4- Relação Econômica",
      "documento": "28387822000196",
      "nome": "YELLOW SOLUCOES DE MOBILIDADE LTDA.",
      "dataNascimento": "10/08/2017"
    },
    {
      "relacao": "Mesmo Endereço (atual)",
      "grupo": "6- Mesmo Endereço (atual)",
      "documento": "29424442823",
      "nome": "ELIZANDRA ALVES BERNARDES CAMARA",
      "dataNascimento": "26/11/1978"
    }
  ]
}
