{
  "cabecalho": {
    "entrada": "30944746837",
    "produto": "LOCALIZE",
    "consulta": "PESSOA_FISICA",
    "protocoloTransacao": "60ef5fea-3b04-4e1a-8e6a-46ae18d45fc3",
    "dataHora": "03/04/2019 19:42:38"
  },
  "cadastro": {
    "cpf": "30944746837",
    "nome": "RENATO GONCALVES DE FREITAS",
    "sexo": "M",
    "dataNascimento": "04/10/1983",
    "idade": "35",
    "faixaIdade": "35 a 39 anos",
    "signo": "Libra",
    "rg": "322058880",
    "ufRg": null,
    "status": "REGULAR",
    "statusData": "09/10/2017",
    "maeNome": "SANDRA ELY BARILLARI FREITAS",
    "maeCpf": null,
    "obitoProvavel": "NÃO",
    "tituloEleitoral": null,
    "grauInstrucao": null,
    "dependentes": null,
    "estadoCivil": null,
    "tags": null,
    "ppe": 0
  },
  "participacoesEmpresas": [
    {
      "posicao": "1",
      "documento": "10463914000142",
      "nome": "EBAH INTERNET LTDA",
      "participacao": null,
      "qualificacaoSocio": "SÓCIO-ADMINISTRADOR",
      "dataEntrada": "28/10/2008",
      "dataSaida": null,
      "valorParticipacao": null,
      "tags": null
    },
    {
      "posicao": "2",
      "documento": "17395199000105",
      "nome": "INSOMNIA INC INTERNET LTDA",
      "participacao": "50.00",
      "qualificacaoSocio": "SÓCIO-ADMINISTRADOR",
      "dataEntrada": "13/12/2012",
      "dataSaida": null,
      "valorParticipacao": null,
      "tags": null
    },
    {
      "posicao": "3",
      "documento": "28387822000196",
      "nome": "YELLOW SOLUCOES DE MOBILIDADE LTDA.",
      "participacao": null,
      "qualificacaoSocio": "ADMINISTRADOR",
      "dataEntrada": "10/08/2017",
      "dataSaida": null,
      "valorParticipacao": null,
      "tags": null
    }
  ],
  "rendaEmpregador": [
    {
      "posicao": "1",
      "empregador": "ENGEENO MARKETING ONLINE LTDA",
      "documentoEmpregador": "14232555000173",
      "setorEmpregador": "Atividades dos serviços de tecnologia da informação",
      "cboCodigo": "317105",
      "cboDescricao": "Programador de internet",
      "cboSetor": null,
      "cboSinonimos": null,
      "rendaEstimada": "1500.00",
      "faixaRenda": "De 1 a 2 Salários Mínimos",
      "rendaDataRef": "2014-10-03",
      "tags": null
    }
  ],
  "rendaBeneficioAssistencial": null,
  "telefones": {
    "fixos": [
      {
        "posicao": "0",
        "telefone": "1124954503",
        "operadora": "Embratel  - Fixo",
        "pontuacao": null,
        "grupo": null,
        "relacao": "Direto",
        "tags": null
      },
      {
        "posicao": "1",
        "telefone": "1143012017",
        "operadora": "Embratel  - Fixo",
        "pontuacao": null,
        "grupo": null,
        "relacao": "Direto",
        "tags": null
      },
      {
        "posicao": "2",
        "telefone": "1155242017",
        "operadora": "Embratel  - Fixo",
        "pontuacao": null,
        "grupo": null,
        "relacao": "Direto",
        "tags": null
      },
      {
        "posicao": "3",
        "telefone": "1123381387",
        "operadora": "Embratel  - Fixo",
        "pontuacao": null,
        "grupo": null,
        "relacao": "Direto",
        "tags": null
      }
    ],
    "moveis": [
      {
        "posicao": "0",
        "telefone": "11987575067",
        "operadora": "TIM - Celular",
        "pontuacao": null,
        "grupo": null,
        "relacao": "Direto",
        "tags": [
          "whatsapp"
        ]
      },
      {
        "posicao": "1",
        "telefone": "11942384848",
        "operadora": "Vivo - Celular",
        "pontuacao": null,
        "grupo": null,
        "relacao": "Direto",
        "tags": [
          "whatsapp"
        ]
      },
      {
        "posicao": "2",
        "telefone": "11973789008",
        "operadora": "Vivo - Celular",
        "pontuacao": null,
        "grupo": null,
        "relacao": "Direto",
        "tags": [
          "whatsapp"
        ]
      },
      {
        "posicao": "3",
        "telefone": "11996524465",
        "operadora": "Vivo - Celular",
        "pontuacao": null,
        "grupo": null,
        "relacao": "Direto",
        "tags": [
          "whatsapp"
        ]
      },
      {
        "posicao": "4",
        "telefone": "11968612161",
        "operadora": "Vivo - Celular",
        "pontuacao": null,
        "grupo": null,
        "relacao": "Direto",
        "tags": [
          "whatsapp"
        ]
      }
    ]
  },
  "enderecos": [
    {
      "posicao": "0",
      "tipoLogradouro": "R",
      "logradouro": "SOBERANA",
      "numero": "49",
      "complemento": "AP 222",
      "bairro": "BROOKLIN PAULISTA",
      "cidade": "SAO PAULO",
      "uf": "SP",
      "cep": "04570020",
      "latitude": "-23.599570000001",
      "longitude": "-46.686915000001",
      "pontuacao": null,
      "grupo": null,
      "tags": null
    },
    {
      "posicao": "1",
      "tipoLogradouro": "AV",
      "logradouro": "JOAO DE BARROS",
      "numero": "155",
      "complemento": "AP 43 A",
      "bairro": "SOCORRO",
      "cidade": "SAO PAULO",
      "uf": "SP",
      "cep": "04764090",
      "latitude": "-23.673870000001",
      "longitude": "-46.716960000001",
      "pontuacao": null,
      "grupo": null,
      "tags": null
    },
    {
      "posicao": "2",
      "tipoLogradouro": "AV",
      "logradouro": "JOAO DE BARROS",
      "numero": "155",
      "complemento": "BL C AP 43",
      "bairro": "SOCORRO",
      "cidade": "SAO PAULO",
      "uf": "SP",
      "cep": "04764090",
      "latitude": "-23.673870000001",
      "longitude": "-46.716960000001",
      "pontuacao": null,
      "grupo": null,
      "tags": null
    },
    {
      "posicao": "3",
      "tipoLogradouro": "AV",
      "logradouro": "CECI",
      "numero": "2117",
      "complemento": null,
      "bairro": "PLANALTO PAULISTA",
      "cidade": "SAO PAULO",
      "uf": "SP",
      "cep": "04065004",
      "latitude": "-23.627910000001",
      "longitude": "-46.646877500001",
      "pontuacao": null,
      "grupo": null,
      "tags": null
    }
  ],
  "emails": [
    {
      "posicao": "0",
      "email": "renato.renstel@terra.com.br",
      "pontuacao": null,
      "grupo": null,
      "relacao": "Direto",
      "tags": null
    },
    {
      "posicao": "1",
      "email": "renato@ebah.com.br",
      "pontuacao": null,
      "grupo": null,
      "relacao": "Direto",
      "tags": null
    },
    {
      "posicao": "2",
      "email": "fompila@gmail.com",
      "pontuacao": null,
      "grupo": null,
      "relacao": "Direto",
      "tags": null
    },
    {
      "posicao": "3",
      "email": "he.he@ig.com.br",
      "pontuacao": null,
      "grupo": null,
      "relacao": "Direto",
      "tags": null
    }
  ]
}
