{
   "Age":"30",
   "Sex_male":"0",
   "cigsPerDay":"0.0",
   "totChol":"17.0",
   "sysBP":"121.0",
   "Pregnancies":"2",
   "Glucose":"75",
   "BloodPressure":"86",
   "SkinThickness":"19.0",
   "Insulin":"49.09065476190475",
   "BMI":"29.3",
   "DiabetesPedigreeFunction":"0.317",
   "ASF":"0.9945733282213896",
   "Age_Alz":"-0.34535160666836284",
   "EDUC":"-1.0318974178785592",
   "Group":"0.8767814924881745",
   "Hand":"0.0",
   "M\/F":"-0.8875084410171614",
   "MMSE":"0.4731816499957313",
   "MR Delay":"-0.8929003310289687",
   "SES":"0.46661482345519",
   "eTIV":"-0.9724472862145708",
   "nWBV":"0.3174661357453561",
   "nscore":"91"
}
