{
  "cabecalho": {
    "entrada": "31266865837",
    "produto": "LOCALIZE",
    "consulta": "PESSOA_FISICA",
    "protocoloTransacao": "85f45e1a-2a4c-4d5f-9617-85ffac31e7ab",
    "dataHora": "03/04/2019 19:37:18"
  },
  "cadastro": {
    "cpf": "31266865837",
    "nome": "RENATA FAVALE ZANUTO",
    "sexo": "F",
    "dataNascimento": "08/01/1986",
    "idade": "33",
    "faixaIdade": "30 a 34 anos",
    "signo": "Capricórnio",
    "rg": null,
    "ufRg": null,
    "status": "REGULAR",
    "statusData": "15/11/2017",
    "maeNome": "TANIA MARA FAVALE ZANUTO",
    "maeCpf": "05264957827",
    "obitoProvavel": "NÃO",
    "tituloEleitoral": null,
    "grauInstrucao": null,
    "dependentes": null,
    "estadoCivil": null,
    "tags": null,
    "ppe": 0
  },
  "participacoesEmpresas": [],
  "rendaEmpregador": [
    {
      "posicao": "1",
      "empregador": "IBM BRASIL-INDUSTRIA MAQUINAS E SERVICOS LIMITADA",
      "documentoEmpregador": "33372251012677",
      "setorEmpregador": "Comércio varejista de equipamentos de informática e comunicação; equipamentos e artigos de uso doméstico",
      "cboCodigo": "142315",
      "cboDescricao": "Gerente de marketing",
      "cboSetor": null,
      "cboSinonimos": null,
      "rendaEstimada": "10407.70",
      "faixaRenda": null,
      "rendaDataRef": "2018-01-10",
      "tags": null
    }
  ],
  "rendaBeneficioAssistencial": null,
  "telefones": {
    "fixos": [
      {
        "posicao": "0",
        "telefone": "1124091250",
        "operadora": "Vivo - Fixo",
        "pontuacao": null,
        "grupo": null,
        "relacao": "Direto",
        "tags": null
      },
      {
        "posicao": "1",
        "telefone": "1126816301",
        "operadora": "Vivo - Fixo",
        "pontuacao": null,
        "grupo": null,
        "relacao": "Direto",
        "tags": null
      }
    ],
    "moveis": [
      {
        "posicao": "0",
        "telefone": "11971284777",
        "operadora": "Vivo - Celular",
        "pontuacao": null,
        "grupo": null,
        "relacao": "Direto",
        "tags": null
      },
      {
        "posicao": "1",
        "telefone": "11998717148",
        "operadora": "Vivo - Celular",
        "pontuacao": null,
        "grupo": null,
        "relacao": "Direto",
        "tags": [
          "whatsapp"
        ]
      }
    ]
  },
  "enderecos": [
    {
      "posicao": "0",
      "tipoLogradouro": "R",
      "logradouro": "TAQUARI",
      "numero": "894",
      "complemento": "AP 103",
      "bairro": "MOOCA",
      "cidade": "SAO PAULO",
      "uf": "SP",
      "cep": "03166001",
      "latitude": "-23.546240853891",
      "longitude": "-46.592415275143",
      "pontuacao": null,
      "grupo": null,
      "tags": null
    },
    {
      "posicao": "1",
      "tipoLogradouro": "R",
      "logradouro": "TAVARES",
      "numero": "54",
      "complemento": "AP 101 A",
      "bairro": "MACEDO",
      "cidade": "GUARULHOS",
      "uf": "SP",
      "cep": "07113110",
      "latitude": "-23.464233478262",
      "longitude": "-46.518611739131",
      "pontuacao": null,
      "grupo": null,
      "tags": null
    }
  ],
  "emails": [
    {
      "posicao": "0",
      "email": "renatafz@hotmail.com",
      "pontuacao": null,
      "grupo": null,
      "relacao": "Direto",
      "tags": null
    },
    {
      "posicao": "1",
      "email": "rezanuto@hotmail.com",
      "pontuacao": null,
      "grupo": null,
      "relacao": "Direto",
      "tags": null
    }
  ]
}
