{
  "cabecalho": {
    "entrada": "31266865837",
    "produto": "LOCALIZE",
    "consulta": "API_PESSOAS_RELACIONADAS",
    "protocoloTransacao": "87c8a1a6-6719-4359-bc1f-a839e18a9978",
    "dataHora": "03/04/2019 19:38:22"
  },
  "localizePessoasRelacionadas": [
    {
      "relacao": "Mãe",
      "grupo": "1- Parentes de Nível 1",
      "documento": "05264957827",
      "nome": "TANIA MARA FAVALE",
      "dataNascimento": "28/06/1965"
    },
    {
      "relacao": "Irmão(ã)",
      "grupo": "1- Parentes de Nível 1",
      "documento": "36881024878",
      "nome": "LUIZ FERNANDO FAVALE ZANUTO",
      "dataNascimento": "29/01/1990"
    },
    {
      "relacao": "Possível Parente",
      "grupo": "2- Parentes de Nível 2",
      "documento": "02992504823",
      "nome": "RENATO ZANUTO",
      "dataNascimento": "29/10/1961"
    },
    {
      "relacao": "Empregador",
      "grupo": "3- Relação Trabalhista",
      "documento": "33372251012677",
      "nome": "IBM BRASIL-INDUSTRIA MAQUINAS E SERVICOS LIMITADA",
      "dataNascimento": "04/03/1977"
    }
  ]
}
