{
  "cabecalho": {
    "entrada": "33767762889",
    "produto": "LOCALIZE",
    "consulta": "API_PESSOAS_RELACIONADAS",
    "protocoloTransacao": "dabffe66-9de9-4a25-a231-b91893ad792e",
    "dataHora": "02/04/2019 04:41:43"
  },
  "localizePessoasRelacionadas": [
    {
      "relacao": "Mãe",
      "grupo": "1- Parentes de Nível 1",
      "documento": "02605185818",
      "nome": "PAULA KERTZMANN FALECK REJTMAN",
      "dataNascimento": "07/07/1958"
    },
    {
      "relacao": "Avó",
      "grupo": "1- Parentes de Nível 1",
      "documento": "05052953852",
      "nome": "ETHEL KERTZMANN FALECK",
      "dataNascimento": "03/10/1933"
    },
    {
      "relacao": "Primo(a)",
      "grupo": "2- Parentes de Nível 2",
      "documento": "32448428875",
      "nome": "BEATRIZ FALECK BEHAR",
      "dataNascimento": "20/02/1989"
    },
    {
      "relacao": "Tio(a)",
      "grupo": "2- Parentes de Nível 2",
      "documento": "97719498887",
      "nome": "CYNTHIA KERTZMANN FALECK",
      "dataNascimento": "20/09/1956"
    },
    {
      "relacao": "Tio(a)",
      "grupo": "2- Parentes de Nível 2",
      "documento": "09134942831",
      "nome": "HENRIQUE KERTZMANN FALECK",
      "dataNascimento": "02/06/1961"
    },
    {
      "relacao": "Possível Parente",
      "grupo": "5- Possíveis Parentes",
      "documento": "00356859800",
      "nome": "ISAIAS STEINER REJTMAN",
      "dataNascimento": "30/08/1929"
    },
    {
      "relacao": "Possível Parente",
      "grupo": "5- Possíveis Parentes",
      "documento": "08989562856",
      "nome": "SERGIO REJTMAN",
      "dataNascimento": "03/11/1965"
    }
  ]
}
