{
  "cabecalho": {
    "entrada": "33767762889",
    "produto": "LOCALIZE",
    "consulta": "PESSOA_FISICA",
    "protocoloTransacao": "1f2d37cf-cd25-4037-9aa4-c41a59fea0de",
    "dataHora": "02/04/2019 04:42:18"
  },
  "cadastro": {
    "cpf": "33767762889",
    "nome": "RAFAEL FALECK REJTMAN",
    "sexo": "M",
    "dataNascimento": "22/07/1995",
    "idade": "23",
    "faixaIdade": "20 a 24 anos",
    "signo": "Câncer",
    "rg": null,
    "ufRg": null,
    "status": "REGULAR",
    "statusData": "14/11/2017",
    "maeNome": "PAULA KERTZMANN FALECK REJTMAN",
    "maeCpf": "02605185818",
    "obitoProvavel": "NÃO",
    "tituloEleitoral": null,
    "grauInstrucao": null,
    "dependentes": null,
    "estadoCivil": null,
    "tags": null,
    "ppe": 0
  },
  "participacoesEmpresas": [],
  "rendaEmpregador": null,
  "rendaBeneficioAssistencial": null,
  "telefones": {
    "fixos": [
      {
        "posicao": "0",
        "telefone": "1146853831",
        "operadora": "Vivo - Fixo",
        "pontuacao": null,
        "grupo": null,
        "relacao": "Direto",
        "tags": null
      },
      {
        "posicao": "1",
        "telefone": "1146859127",
        "operadora": "Vivo - Fixo",
        "pontuacao": null,
        "grupo": null,
        "relacao": "Direto",
        "tags": null
      },
      {
        "posicao": "2",
        "telefone": "1239217689",
        "operadora": "Vivo - Fixo",
        "pontuacao": null,
        "grupo": null,
        "relacao": "Direto",
        "tags": null
      },
      {
        "posicao": "3",
        "telefone": "1146851075",
        "operadora": "Vivo - Fixo",
        "pontuacao": null,
        "grupo": null,
        "relacao": "Direto",
        "tags": null
      },
      {
        "posicao": "4",
        "telefone": "1130454098",
        "operadora": "Vivo - Fixo",
        "pontuacao": null,
        "grupo": null,
        "relacao": "Direto",
        "tags": null
      }
    ],
    "moveis": [
      {
        "posicao": "0",
        "telefone": "11965636466",
        "operadora": "OI - Celular",
        "pontuacao": null,
        "grupo": null,
        "relacao": "Direto",
        "tags": [
          "whatsapp"
        ]
      },
      {
        "posicao": "1",
        "telefone": "11976909090",
        "operadora": "OI - Celular",
        "pontuacao": null,
        "grupo": null,
        "relacao": "Direto",
        "tags": [
          "whatsapp"
        ]
      },
      {
        "posicao": "2",
        "telefone": "11946767007",
        "operadora": "OI - Celular",
        "pontuacao": null,
        "grupo": null,
        "relacao": "Direto",
        "tags": null
      }
    ]
  },
  "enderecos": [
    {
      "posicao": "0",
      "tipoLogradouro": "R",
      "logradouro": "MARIA APARECIDA NICOLETTI",
      "numero": "361",
      "complemento": null,
      "bairro": "CONDOMINIO IOLANDA",
      "cidade": "TABOAO DA SERRA",
      "uf": "SP",
      "cep": "06794050",
      "latitude": "-23.615310000001",
      "longitude": "-46.804870000001",
      "pontuacao": null,
      "grupo": null,
      "tags": null
    },
    {
      "posicao": "1",
      "tipoLogradouro": "AL",
      "logradouro": "JUPITER",
      "numero": "500",
      "complemento": null,
      "bairro": "CONDOMINIO IOLANDA",
      "cidade": "TABOAO DA SERRA",
      "uf": "SP",
      "cep": "06794040",
      "latitude": "-23.615714285715",
      "longitude": "-46.809271428572",
      "pontuacao": null,
      "grupo": null,
      "tags": null
    },
    {
      "posicao": "2",
      "tipoLogradouro": "AV",
      "logradouro": "9 DE JULHO",
      "numero": "417",
      "complemento": null,
      "bairro": "JARDIM APOLO",
      "cidade": "SAO JOSE DOS CAMPOS",
      "uf": "SP",
      "cep": "12243000",
      "latitude": "-23.196815000001",
      "longitude": "-45.894240000001",
      "pontuacao": null,
      "grupo": null,
      "tags": null
    }
  ],
  "emails": null
}
