{
  "cabecalho": {
    "entrada": "35604217808",
    "produto": "LOCALIZE",
    "consulta": "API_PESSOAS_RELACIONADAS",
    "protocoloTransacao": "a4b29a32-893a-44f2-90f5-1a65a7bf2879",
    "dataHora": "03/04/2019 17:51:56"
  },
  "localizePessoasRelacionadas": [
    {
      "relacao": "Mãe",
      "grupo": "0- Parentes de Nível 1",
      "documento": null,
      "nome": "EUNICE MAYOLI BOLOGNESI",
      "dataNascimento": null
    },
    {
      "relacao": "Empregador",
      "grupo": "3- Relação Trabalhista",
      "documento": "06130952000106",
      "nome": "MONASHEES GESTAO DE INVESTIMENTOS LTDA",
      "dataNascimento": "09/02/2004"
    },
    {
      "relacao": "Sócio(a)",
      "grupo": "4- Relação Econômica",
      "documento": "30032265840",
      "nome": "CARLO SEQUEIRA DAPUZZO",
      "dataNascimento": "16/07/1980"
    },
    {
      "relacao": "Sócio(a)",
      "grupo": "4- Relação Econômica",
      "documento": "04679722819",
      "nome": "ERIC ACHER",
      "dataNascimento": "15/01/1967"
    },
    {
      "relacao": "Sócio(a)",
      "grupo": "4- Relação Econômica",
      "documento": "18799607883",
      "nome": "FABIO IGEL",
      "dataNascimento": "14/08/1970"
    },
    {
      "relacao": "Sócio(a)",
      "grupo": "4- Relação Econômica",
      "documento": "31778169805",
      "nome": "LUIS GUILHERME MELLO DECOURT",
      "dataNascimento": "19/12/1983"
    },
    {
      "relacao": "Sócio(a)",
      "grupo": "4- Relação Econômica",
      "documento": "95882618304",
      "nome": "MARCELO SANTOS ANDRADE LIMA",
      "dataNascimento": "20/08/1983"
    },
    {
      "relacao": "Sócio(a)",
      "grupo": "4- Relação Econômica",
      "documento": "06130952000106",
      "nome": "MONASHEES GESTAO DE INVESTIMENTOS LTDA",
      "dataNascimento": "09/02/2004"
    },
    {
      "relacao": "Possível Parente",
      "grupo": "5- Possíveis Parentes",
      "documento": "33223779892",
      "nome": "MELINA MAYOLI BOLOGNESI",
      "dataNascimento": "26/06/1984"
    }
  ]
}
