{
  "cabecalho": {
    "entrada": "35604217808",
    "produto": "LOCALIZE",
    "consulta": "PESSOA_FISICA",
    "protocoloTransacao": "5142f81d-be5d-4d54-b8c7-4b6bbbda3860",
    "dataHora": "03/04/2019 17:51:27"
  },
  "cadastro": {
    "cpf": "35604217808",
    "nome": "CAIO VINICIUS MAYOLI BOLOGNESI",
    "sexo": "M",
    "dataNascimento": "22/03/1987",
    "idade": "32",
    "faixaIdade": "30 a 34 anos",
    "signo": "Áries",
    "rg": null,
    "ufRg": null,
    "status": "REGULAR",
    "statusData": "19/11/2017",
    "maeNome": "EUNICE MAYOLI BOLOGNESI",
    "maeCpf": null,
    "obitoProvavel": "NÃO",
    "tituloEleitoral": null,
    "grauInstrucao": null,
    "dependentes": null,
    "estadoCivil": null,
    "tags": null,
    "ppe": 0
  },
  "participacoesEmpresas": [
    {
      "posicao": "1",
      "documento": "06130952000106",
      "nome": "MONASHEES GESTAO DE INVESTIMENTOS LTDA",
      "participacao": null,
      "qualificacaoSocio": "SÓCIO-ADMINISTRADOR",
      "dataEntrada": "07/02/2017",
      "dataSaida": null,
      "valorParticipacao": null,
      "tags": null
    }
  ],
  "rendaEmpregador": [
    {
      "posicao": "1",
      "empregador": "MONASHEES GESTAO DE INVESTIMENTOS LTDA",
      "documentoEmpregador": "06130952000106",
      "setorEmpregador": "Atividades de administração de fundos por contrato ou comissão",
      "cboCodigo": "253120",
      "cboDescricao": "Diretor de mídia (publicidade)",
      "cboSetor": null,
      "cboSinonimos": null,
      "rendaEstimada": "9000.00",
      "faixaRenda": null,
      "rendaDataRef": "2018-01-10",
      "tags": null
    },
    {
      "posicao": "2",
      "empregador": "A.T. KEARNEY CONSULTORIA DE GESTAO EMPRESARIAL LTDA.",
      "documentoEmpregador": "73142705000117",
      "setorEmpregador": "Atividades de consultoria em gestão empresarial",
      "cboCodigo": "252105",
      "cboDescricao": "Administrador",
      "cboSetor": null,
      "cboSinonimos": null,
      "rendaEstimada": "13639.65",
      "faixaRenda": null,
      "rendaDataRef": "2015-12-09",
      "tags": null
    }
  ],
  "rendaBeneficioAssistencial": null,
  "telefones": {
    "fixos": [
      {
        "posicao": "0",
        "telefone": "1149923973",
        "operadora": "Embratel  - Fixo",
        "pontuacao": null,
        "grupo": null,
        "relacao": "Direto",
        "tags": null
      },
      {
        "posicao": "1",
        "telefone": "1136737672",
        "operadora": "Vivo - Fixo",
        "pontuacao": null,
        "grupo": null,
        "relacao": "Direto",
        "tags": null
      }
    ],
    "moveis": [
      {
        "posicao": "0",
        "telefone": "11984935995",
        "operadora": "Vivo - Celular",
        "pontuacao": null,
        "grupo": null,
        "relacao": "Direto",
        "tags": [
          "whatsapp"
        ]
      },
      {
        "posicao": "1",
        "telefone": "11987112379",
        "operadora": "Vivo - Celular",
        "pontuacao": null,
        "grupo": null,
        "relacao": "Direto",
        "tags": [
          "whatsapp"
        ]
      },
      {
        "posicao": "2",
        "telefone": "11975055584",
        "operadora": "Vivo - Celular",
        "pontuacao": null,
        "grupo": null,
        "relacao": "Direto",
        "tags": [
          "whatsapp"
        ]
      }
    ]
  },
  "enderecos": [
    {
      "posicao": "0",
      "tipoLogradouro": "R",
      "logradouro": "JOAQUIM FERREIRA",
      "numero": "124",
      "complemento": "AP 1202 T 1",
      "bairro": "AGUA BRANCA",
      "cidade": "SAO PAULO",
      "uf": "SP",
      "cep": "05033080",
      "latitude": "-23.522830000001",
      "longitude": "-46.683510000001",
      "pontuacao": null,
      "grupo": null,
      "tags": null
    },
    {
      "posicao": "1",
      "tipoLogradouro": "R",
      "logradouro": "JOAQUIM FERREIRA",
      "numero": "124",
      "complemento": "BL B AP 1202",
      "bairro": "AGUA BRANCA",
      "cidade": "SAO PAULO",
      "uf": "SP",
      "cep": "05033080",
      "latitude": "-23.522830000001",
      "longitude": "-46.683510000001",
      "pontuacao": null,
      "grupo": null,
      "tags": null
    },
    {
      "posicao": "2",
      "tipoLogradouro": "R",
      "logradouro": "CORREIA DIAS",
      "numero": "297",
      "complemento": "AP 81",
      "bairro": "CENTRO",
      "cidade": "SANTO ANDRE",
      "uf": "SP",
      "cep": "09010120",
      "latitude": "-23.660250000001",
      "longitude": "-46.523680000001",
      "pontuacao": null,
      "grupo": null,
      "tags": null
    }
  ],
  "emails": [
    {
      "posicao": "0",
      "email": "caiobolognesi@gmail.com",
      "pontuacao": null,
      "grupo": null,
      "relacao": "Direto",
      "tags": null
    },
    {
      "posicao": "1",
      "email": "caio_bolognesi@hotmail.com",
      "pontuacao": null,
      "grupo": null,
      "relacao": "Direto",
      "tags": null
    }
  ]
}
