{
  "cabecalho": {
    "entrada": "35878482894",
    "produto": "LOCALIZE",
    "consulta": "API_PESSOAS_RELACIONADAS",
    "protocoloTransacao": "4e09005c-856e-4aa8-bd69-b26d06a1c267",
    "dataHora": "03/04/2019 19:32:48"
  },
  "localizePessoasRelacionadas": [
    {
      "relacao": "Mãe",
      "grupo": "1- Parentes de Nível 1",
      "documento": "01315150808",
      "nome": "MARCIA REGINA ROCHA CONSTANTINO",
      "dataNascimento": "23/04/1957"
    },
    {
      "relacao": "Irmão(ã)",
      "grupo": "1- Parentes de Nível 1",
      "documento": "37025521892",
      "nome": "STEFANIE KRIEGER",
      "dataNascimento": "06/03/1989"
    },
    {
      "relacao": "Sócio(a)",
      "grupo": "4- Relação Econômica",
      "documento": "75940205887",
      "nome": "PAULO GUNTOVITCH KRIEGER",
      "dataNascimento": "29/08/1952"
    },
    {
      "relacao": "Sócio(a)",
      "grupo": "4- Relação Econômica",
      "documento": "07532511000101",
      "nome": "PGK CONSULTORIA COMERCIAL LTDA",
      "dataNascimento": "21/07/2005"
    }
  ]
}
