{
  "cabecalho": {
    "entrada": "35878482894",
    "produto": "LOCALIZE",
    "consulta": "PESSOA_FISICA",
    "protocoloTransacao": "df74ae1d-88f0-4bc6-b6e1-862279f0903b",
    "dataHora": "03/04/2019 19:32:24"
  },
  "cadastro": {
    "cpf": "35878482894",
    "nome": "MICHEL KRIEGER",
    "sexo": "M",
    "dataNascimento": "04/03/1986",
    "idade": "33",
    "faixaIdade": "30 a 34 anos",
    "signo": "Peixes",
    "rg": null,
    "ufRg": null,
    "status": "REGULAR",
    "statusData": "14/08/2017",
    "maeNome": "MARCIA REGINA ROCHA CONSTANTINO",
    "maeCpf": "01315150808",
    "obitoProvavel": "NÃO",
    "tituloEleitoral": null,
    "grauInstrucao": null,
    "dependentes": null,
    "estadoCivil": null,
    "tags": null,
    "ppe": 0
  },
  "participacoesEmpresas": [
    {
      "posicao": "1",
      "documento": "07532511000101",
      "nome": "PGK CONSULTORIA COMERCIAL LTDA",
      "participacao": "1.00",
      "qualificacaoSocio": "SÓCIO",
      "dataEntrada": "21/07/2005",
      "dataSaida": null,
      "valorParticipacao": null,
      "tags": null
    }
  ],
  "rendaEmpregador": null,
  "rendaBeneficioAssistencial": null,
  "telefones": {
    "fixos": [
      {
        "posicao": "0",
        "telefone": "1141957906",
        "operadora": "Vivo - Fixo",
        "pontuacao": null,
        "grupo": null,
        "relacao": "Direto",
        "tags": null
      }
    ],
    "moveis": [
      {
        "posicao": "0",
        "telefone": "11964702833",
        "operadora": "Vivo - Celular",
        "pontuacao": null,
        "grupo": null,
        "relacao": "Direto",
        "tags": [
          "whatsapp"
        ]
      }
    ]
  },
  "enderecos": [
    {
      "posicao": "0",
      "tipoLogradouro": "AL",
      "logradouro": "REPUBLICA DOMINICANA",
      "numero": "503",
      "complemento": "RES 2",
      "bairro": "ALPHAVILLE RESIDENCIAL DOIS",
      "cidade": "BARUERI",
      "uf": "SP",
      "cep": "06470040",
      "latitude": "-23.497990000001",
      "longitude": "-46.859820000001",
      "pontuacao": null,
      "grupo": null,
      "tags": null
    },
    {
      "posicao": "1",
      "tipoLogradouro": "AL",
      "logradouro": "REPUBLICA DOMINICANA",
      "numero": "503",
      "complemento": "2",
      "bairro": "ALPHAVILLE RESIDENCIAL DOIS",
      "cidade": "BARUERI",
      "uf": "SP",
      "cep": "06470040",
      "latitude": "-23.497990000001",
      "longitude": "-46.859820000001",
      "pontuacao": null,
      "grupo": null,
      "tags": null
    }
  ],
  "emails": null
}
