{
   "Age":"35",
   "Sex_male":"0",
   "cigsPerDay":"0.0",
   "totChol":"170.0",
   "sysBP":"98.5",
   "Pregnancies":"5",
   "Glucose":"77",
   "BloodPressure":"82",
   "SkinThickness":"41.0",
   "Insulin":"42.0",
   "BMI":"35.8",
   "DiabetesPedigreeFunction":"0.156",
   "ASF":"1.6643162963421854",
   "Age_Alz":"0.5664365224979657",
   "EDUC":"-1.0318974178785592",
   "Group":"0.8767814924881745",
   "Hand":"0.0",
   "M\/F":"-0.8875084410171614",
   "MMSE":"0.7707730009569027",
   "MR Delay":"-0.8929003310289687",
   "SES":"1.336518172896651",
   "eTIV":"-1.6600250183585443",
   "nWBV":"-0.3646201967096996",
   "nscore":"85"
}
