{
   "cabecalho":{
      "entrada":"37413542870",
      "produto":"LOCALIZE",
      "consulta":"API_PESSOAS_RELACIONADAS",
      "protocoloTransacao":"e922a29c-15e1-4d91-9f58-0a5d2534386b",
      "dataHora":"05\/04\/2019 01:54:15"
   },
   "localizePessoasRelacionadas":[
      {
         "relacao":"M\u00e3e",
         "grupo":"1- Parentes de N\u00edvel 1",
         "documento":"03268912850",
         "nome":"MARIA DE FATIMA TEIXEIRA MENDES CASTANHARI",
         "dataNascimento":"08\/06\/1962"
      },
      {
         "relacao":"Av\u00f3",
         "grupo":"1- Parentes de N\u00edvel 1",
         "documento":"03285887842",
         "nome":"MARIA CONCEICAO FERREIRA DA SILVA",
         "dataNascimento":"18\/10\/1927"
      },
      {
         "relacao":"Irm\u00e3o(\u00e3)",
         "grupo":"1- Parentes de N\u00edvel 1",
         "documento":"34446547828",
         "nome":"RENATO MENDES CASTANHARI",
         "dataNascimento":"17\/03\/1988"
      },
      {
         "relacao":"Tio(a)",
         "grupo":"2- Parentes de N\u00edvel 2",
         "documento":"09649884882",
         "nome":"ADELINO TEIXEIRA MENDES",
         "dataNascimento":"27\/04\/1968"
      },
      {
         "relacao":"Primo(a)",
         "grupo":"2- Parentes de N\u00edvel 2",
         "documento":"32838850873",
         "nome":"EVANDRO MONIAKAS",
         "dataNascimento":"23\/10\/1984"
      },
      {
         "relacao":"Primo(a)",
         "grupo":"2- Parentes de N\u00edvel 2",
         "documento":"26201222871",
         "nome":"FABIANO TEIXEIRA DIAS",
         "dataNascimento":"24\/12\/1978"
      },
      {
         "relacao":"Tio(a)",
         "grupo":"2- Parentes de N\u00edvel 2",
         "documento":"07934587813",
         "nome":"JOAO TEIXEIRA MENDES",
         "dataNascimento":"28\/07\/1964"
      },
      {
         "relacao":"Tio(a)",
         "grupo":"2- Parentes de N\u00edvel 2",
         "documento":"03285888814",
         "nome":"MANOEL TEIXEIRA MENDES",
         "dataNascimento":"27\/09\/1959"
      },
      {
         "relacao":"Tio(a)",
         "grupo":"2- Parentes de N\u00edvel 2",
         "documento":"28657280809",
         "nome":"MARIA APARECIDA TEIXEIRA DIAS",
         "dataNascimento":"22\/05\/1953"
      },
      {
         "relacao":"Tio(a)",
         "grupo":"2- Parentes de N\u00edvel 2",
         "documento":"30892737808",
         "nome":"MARIA TEREZINHA TEIXEIRA MENDES MONIAKAS",
         "dataNascimento":"24\/08\/1954"
      },
      {
         "relacao":"Primo(a)",
         "grupo":"2- Parentes de N\u00edvel 2",
         "documento":"36576141840",
         "nome":"REGIANE TEIXEIRA DIAS",
         "dataNascimento":"10\/11\/1984"
      },
      {
         "relacao":"S\u00f3cio(a)",
         "grupo":"4- Rela\u00e7\u00e3o Econ\u00f4mica",
         "documento":"37786438866",
         "nome":"FABIO DE ALMEIDA PEREIRA",
         "dataNascimento":"24\/02\/1990"
      },
      {
         "relacao":"S\u00f3cio(a)",
         "grupo":"4- Rela\u00e7\u00e3o Econ\u00f4mica",
         "documento":"11747247000192",
         "nome":"FELIPE MENDES CASTANHARI",
         "dataNascimento":"18\/03\/2010"
      },
      {
         "relacao":"S\u00f3cio(a)",
         "grupo":"4- Rela\u00e7\u00e3o Econ\u00f4mica",
         "documento":"18963632000116",
         "nome":"REDE NOSTALGIA PRODUCAO, FINALIZACAO DE FILMES E COMERCIO DE ARTIGOS DO VESTUARIOS E BRINQUEDOS LTDA",
         "dataNascimento":"26\/09\/2013"
      },
      {
         "relacao":"Poss\u00edvel Parente",
         "grupo":"5- Poss\u00edveis Parentes",
         "documento":"00443952809",
         "nome":"NELSON CASTANHARI",
         "dataNascimento":"12\/02\/1960"
      }
   ]
}
