{
   "cabecalho":{
      "entrada":"37413542870",
      "produto":"LOCALIZE",
      "consulta":"PESSOA_FISICA",
      "protocoloTransacao":"502de335-6465-442a-86df-51b0a3b46634",
      "dataHora":"05\/04\/2019 01:52:59"
   },
   "cadastro":{
      "cpf":"37413542870",
      "nome":"FELIPE MENDES CASTANHARI",
      "sexo":"M",
      "dataNascimento":"20\/12\/1989",
      "idade":"29",
      "faixaIdade":"25 a 29 anos",
      "signo":"Sagit\u00e1rio",
      "rg":null,
      "ufRg":null,
      "status":"REGULAR",
      "statusData":"11\/11\/2017",
      "maeNome":"MARIA DE FATIMA TEIXEIRA MENDES CASTANHARI",
      "maeCpf":"03268912850",
      "obitoProvavel":"N\u00c3O",
      "tituloEleitoral":null,
      "grauInstrucao":null,
      "dependentes":null,
      "estadoCivil":null,
      "tags":null,
      "ppe":0
   },
   "participacoesEmpresas":[
      {
         "posicao":"1",
         "documento":"11747247000192",
         "nome":"FELIPE MENDES CASTANHARI",
         "participacao":"100.00",
         "qualificacaoSocio":"SOCIO ADMINISTRADOR",
         "dataEntrada":"18\/03\/2010",
         "dataSaida":null,
         "valorParticipacao":null,
         "tags":null
      },
      {
         "posicao":"2",
         "documento":"18963632000116",
         "nome":"REDE NOSTALGIA PRODUCAO, FINALIZACAO DE FILMES E COMERCIO DE ARTIGOS DO VESTUARIOS E BRINQUEDOS LTDA",
         "participacao":"50.00",
         "qualificacaoSocio":"S\u00d3CIO-ADMINISTRADOR",
         "dataEntrada":"26\/09\/2013",
         "dataSaida":null,
         "valorParticipacao":null,
         "tags":null
      }
   ],
   "rendaEmpregador":null,
   "rendaBeneficioAssistencial":null,
   "telefones":{
      "fixos":[
         {
            "posicao":"0",
            "telefone":"1125762493",
            "operadora":"Embratel - Fixo",
            "pontuacao":null,
            "grupo":null,
            "relacao":"Direto",
            "tags":null
         },
         {
            "posicao":"1",
            "telefone":"1137122885",
            "operadora":"Vivo - Fixo",
            "pontuacao":null,
            "grupo":null,
            "relacao":"Direto",
            "tags":null
         },
         {
            "posicao":"2",
            "telefone":"1137610016",
            "operadora":"Vivo - Fixo",
            "pontuacao":null,
            "grupo":null,
            "relacao":"Direto",
            "tags":null
         },
         {
            "posicao":"3",
            "telefone":"1136851574",
            "operadora":"Vivo - Fixo",
            "pontuacao":null,
            "grupo":null,
            "relacao":"Direto",
            "tags":null
         },
         {
            "posicao":"4",
            "telefone":"1136851547",
            "operadora":"Vivo - Fixo",
            "pontuacao":null,
            "grupo":null,
            "relacao":"Direto",
            "tags":null
         }
      ],
      "moveis":[
         {
            "posicao":"0",
            "telefone":"11944959036",
            "operadora":"Vivo - Celular",
            "pontuacao":null,
            "grupo":null,
            "relacao":"Direto",
            "tags":[
               "whatsapp"
            ]
         },
         {
            "posicao":"1",
            "telefone":"11946497830",
            "operadora":"OI - Celular",
            "pontuacao":null,
            "grupo":null,
            "relacao":"Direto",
            "tags":null
         },
         {
            "posicao":"2",
            "telefone":"11951452925",
            "operadora":"TIM - Celular",
            "pontuacao":null,
            "grupo":null,
            "relacao":"Direto",
            "tags":null
         },
         {
            "posicao":"3",
            "telefone":"11949407640",
            "operadora":"TIM - Celular",
            "pontuacao":null,
            "grupo":null,
            "relacao":"Direto",
            "tags":[
               "whatsapp"
            ]
         }
      ]
   },
   "enderecos":[
      {
         "posicao":"0",
         "tipoLogradouro":null,
         "logradouro":"HENRIQUE PEREIRA NEVES",
         "numero":"209",
         "complemento":"B",
         "bairro":"PARQUE DOS PRINCIPE",
         "cidade":"SAO PAULO",
         "uf":"SP",
         "cep":"05396030",
         "latitude":null,
         "longitude":null,
         "pontuacao":null,
         "grupo":null,
         "tags":null
      },
      {
         "posicao":"1",
         "tipoLogradouro":"R",
         "logradouro":"CARLOS HENRIQUE PEREIRA NEVES",
         "numero":"209",
         "complemento":null,
         "bairro":"PARQUE DOS PRINCIPES",
         "cidade":"SAO PAULO",
         "uf":"SP",
         "cep":"05396030",
         "latitude":"-23.566224285715",
         "longitude":"-46.767102857144",
         "pontuacao":null,
         "grupo":null,
         "tags":null
      },
      {
         "posicao":"2",
         "tipoLogradouro":"R",
         "logradouro":"ANTONIO NOUCHE",
         "numero":"64",
         "complemento":null,
         "bairro":"BELA VISTA",
         "cidade":"OSASCO",
         "uf":"SP",
         "cep":"06070000",
         "latitude":"-23.547349634147",
         "longitude":"-46.777383658538",
         "pontuacao":null,
         "grupo":null,
         "tags":null
      },
      {
         "posicao":"3",
         "tipoLogradouro":"AV",
         "logradouro":"DAS FLORES",
         "numero":"654",
         "complemento":null,
         "bairro":"JARDIM DAS FLORES",
         "cidade":"OSASCO",
         "uf":"SP",
         "cep":"06110100",
         "latitude":"-23.536892739727",
         "longitude":"-46.794023972604",
         "pontuacao":null,
         "grupo":null,
         "tags":null
      }
   ],
   "emails":[
      {
         "posicao":"0",
         "email":"felipe.castanhari@gmail.com",
         "pontuacao":null,
         "grupo":null,
         "relacao":"Direto",
         "tags":null
      },
      {
         "posicao":"1",
         "email":"felipecastanhari@gmail.com",
         "pontuacao":null,
         "grupo":null,
         "relacao":"Direto",
         "tags":null
      },
      {
         "posicao":"2",
         "email":"felipe_castanhari@hotmail.com",
         "pontuacao":null,
         "grupo":null,
         "relacao":"Direto",
         "tags":null
      },
      {
         "posicao":"3",
         "email":"felipinho.castanhari@gmail.com",
         "pontuacao":null,
         "grupo":null,
         "relacao":"Direto",
         "tags":null
      },
      {
         "posicao":"4",
         "email":"gabriele.ferreiramendes0245@hotmail.com",
         "pontuacao":null,
         "grupo":null,
         "relacao":"Direto",
         "tags":null
      }
   ]
}
