{
  "cabecalho": {
    "entrada": "40131320874",
    "produto": "LOCALIZE",
    "consulta": "API_PESSOAS_RELACIONADAS",
    "protocoloTransacao": "e7f1320d-f032-4b08-8dcf-9a6b6bcdeb69",
    "dataHora": "02/04/2019 04:43:58"
  },
  "localizePessoasRelacionadas": [
    {
      "relacao": "Mãe",
      "grupo": "1- Parentes de Nível 1",
      "documento": "86083732620",
      "nome": "CRISTIANE FREIRE CASTANHEIRA",
      "dataNascimento": "15/03/1971"
    },
    {
      "relacao": "Irmão(ã)",
      "grupo": "1- Parentes de Nível 1",
      "documento": "40131316842",
      "nome": "JULIA FREIRE CASTANHEIRA DE PAIVA FERREIRA",
      "dataNascimento": "10/08/1998"
    },
    {
      "relacao": "Mesmo Endereço (atual)",
      "grupo": "6- Mesmo Endereço (atual)",
      "documento": "52927084882",
      "nome": "GABRIEL MORENTE DO NASCIMENTO",
      "dataNascimento": "16/12/1999"
    }
  ]
}
