{
  "cabecalho": {
    "entrada": "45468175843",
    "produto": "LOCALIZE",
    "consulta": "API_PESSOAS_RELACIONADAS",
    "protocoloTransacao": "dbff0ac8-50cb-4ea4-9503-3a9e7e31b4e3",
    "dataHora": "02/04/2019 04:40:21"
  },
  "localizePessoasRelacionadas": [
    {
      "relacao": "Mãe",
      "grupo": "1- Parentes de Nível 1",
      "documento": "10218135831",
      "nome": "PATRICIA KELI ALVARENGA MARINELLI",
      "dataNascimento": "05/02/1969"
    },
    {
      "relacao": "Avó",
      "grupo": "1- Parentes de Nível 1",
      "documento": "15838343893",
      "nome": "BENEDITA FRANCATTO ALVARENGA",
      "dataNascimento": "12/08/1949"
    },
    {
      "relacao": "Irmão(ã)",
      "grupo": "1- Parentes de Nível 1",
      "documento": "45468233800",
      "nome": "YURI HENRIQUE ALVARENGA MARINELLI",
      "dataNascimento": "03/05/2000"
    },
    {
      "relacao": "Tio(a)",
      "grupo": "2- Parentes de Nível 2",
      "documento": "18435608875",
      "nome": "ANELITA GIOVANA ALVARENGA",
      "dataNascimento": "09/04/1975"
    },
    {
      "relacao": "Possível Parente",
      "grupo": "2- Parentes de Nível 2",
      "documento": "07986405880",
      "nome": "MARCELO D ALVIA MARINELLI",
      "dataNascimento": "09/10/1966"
    },
    {
      "relacao": "Sócio(a)",
      "grupo": "4- Relação Econômica",
      "documento": "39745411876",
      "nome": "FUAD CHAIM SCHIAVON",
      "dataNascimento": "12/11/1992"
    },
    {
      "relacao": "Sócio(a)",
      "grupo": "4- Relação Econômica",
      "documento": "30494498000157",
      "nome": "IGOR VINICIUS ALVARENGA MARINELLI 45468175843",
      "dataNascimento": "18/05/2018"
    },
    {
      "relacao": "Sócio(a)",
      "grupo": "4- Relação Econômica",
      "documento": "46982319814",
      "nome": "MARCO ADRIANO TETTE SCHAEFER",
      "dataNascimento": "10/03/1997"
    },
    {
      "relacao": "Sócio(a)",
      "grupo": "4- Relação Econômica",
      "documento": "29229489000150",
      "nome": "SOMOS TODOS HEROIS",
      "dataNascimento": "07/11/2017"
    }
  ]
}
