{
  "cabecalho": {
    "entrada": "45468175843",
    "produto": "LOCALIZE",
    "consulta": "PESSOA_FISICA",
    "protocoloTransacao": "a83ec8ff-9f24-43db-ba29-0866eac70774",
    "dataHora": "02/04/2019 04:37:02"
  },
  "cadastro": {
    "cpf": "45468175843",
    "nome": "IGOR VINICIUS ALVARENGA MARINELLI",
    "sexo": "M",
    "dataNascimento": "07/07/1997",
    "idade": "21",
    "faixaIdade": "20 a 24 anos",
    "signo": "Câncer",
    "rg": null,
    "ufRg": null,
    "status": "REGULAR",
    "statusData": "01/12/2017",
    "maeNome": "PATRICIA KELI ALVARENGA MARINELLI",
    "maeCpf": "10218135831",
    "obitoProvavel": "NÃO",
    "tituloEleitoral": null,
    "grauInstrucao": null,
    "dependentes": null,
    "estadoCivil": null,
    "tags": null,
    "ppe": 0
  },
  "participacoesEmpresas": [
    {
      "posicao": "1",
      "documento": "29229489000150",
      "nome": "SOMOS TODOS HEROIS",
      "participacao": null,
      "qualificacaoSocio": "DIRETOR",
      "dataEntrada": "07/11/2017",
      "dataSaida": null,
      "valorParticipacao": null,
      "tags": null
    },
    {
      "posicao": "2",
      "documento": "30494498000157",
      "nome": "IGOR VINICIUS ALVARENGA MARINELLI 45468175843",
      "participacao": "100.00",
      "qualificacaoSocio": "SOCIO-ADMINISTRADOR",
      "dataEntrada": "18/05/2018",
      "dataSaida": null,
      "valorParticipacao": null,
      "tags": null
    }
  ],
  "rendaEmpregador": null,
  "rendaBeneficioAssistencial": null,
  "telefones": {
    "fixos": [
      {
        "posicao": "0",
        "telefone": "1938617446",
        "operadora": "Vivo - Fixo",
        "pontuacao": null,
        "grupo": null,
        "relacao": "Direto",
        "tags": null
      }
    ],
    "moveis": [
      {
        "posicao": "0",
        "telefone": "16997853434",
        "operadora": "Vivo - Celular",
        "pontuacao": null,
        "grupo": null,
        "relacao": "Direto",
        "tags": null
      },
      {
        "posicao": "1",
        "telefone": "19989130620",
        "operadora": "Claro - Celular",
        "pontuacao": null,
        "grupo": null,
        "relacao": "Direto",
        "tags": null
      }
    ]
  },
  "enderecos": [
    {
      "posicao": "0",
      "tipoLogradouro": "R",
      "logradouro": "MAURO DE ARRUDA",
      "numero": "246",
      "complemento": null,
      "bairro": "VILA JULIA",
      "cidade": "MOGI GUACU",
      "uf": "SP",
      "cep": "13844002",
      "latitude": "-22.375345428572",
      "longitude": "-46.940169571430",
      "pontuacao": null,
      "grupo": null,
      "tags": null
    }
  ],
  "emails": null
}
